GeneId,Prediction
1,0.303828
2,0.470808
3,0.991023
4,0.086913
5,0.175917
6,0.913083
7,0.088593
8,0.045695
9,0.850622
10,0.037524
11,0.802308
12,0.878907
13,0.061581
14,0.669930
15,0.829809
16,0.999946
17,0.520907
18,0.896853
19,0.984956
20,0.568794
21,0.476037
22,0.141564
23,0.945047
24,0.047948
25,0.139384
26,0.979117
27,0.019575
28,0.631974
29,0.257511
30,0.998002
31,0.693133
32,0.033993
33,0.081474
34,0.951224
35,0.536440
36,0.229805
37,0.160608
38,0.180915
39,0.409881
40,0.023697
41,0.696432
42,0.390129
43,0.954692
44,0.693936
45,0.999575
46,0.956571
47,0.856314
48,0.867258
49,0.983645
50,0.231216
51,0.975802
52,0.396059
53,0.747311
54,0.951696
55,0.995100
56,0.993460
57,0.023321
58,0.601641
59,0.884731
60,0.852701
61,0.504625
62,0.170180
63,0.563049
64,0.906050
65,0.060670
66,0.438524
67,0.922188
68,0.161666
69,0.635802
70,0.925537
71,0.006428
72,0.285692
73,0.051653
74,0.497434
75,0.148964
76,0.136290
77,0.222799
78,0.953418
79,0.614891
80,0.835712
81,0.991144
82,0.139748
83,0.922398
84,0.993719
85,0.885039
86,0.943250
87,0.969823
88,0.029107
89,0.998131
90,0.027418
91,0.724525
92,0.180069
93,0.128361
94,0.509817
95,0.974569
96,0.961556
97,0.692509
98,0.967755
99,0.671158
100,0.438080
101,0.957993
102,0.911001
103,0.950858
104,0.873116
105,0.199630
106,0.936107
107,0.950302
108,0.875878
109,0.834546
110,0.597207
111,0.023565
112,0.828745
113,0.991637
114,0.704343
115,0.812196
116,0.143764
117,0.794062
118,0.943643
119,0.056371
120,0.893280
121,0.057183
122,0.950595
123,0.026537
124,0.922628
125,0.755044
126,0.692485
127,0.486398
128,0.026047
129,0.932949
130,0.742436
131,0.075995
132,0.190582
133,0.995687
134,0.040582
135,0.039533
136,0.406038
137,0.817343
138,0.858779
139,0.450504
140,0.025246
141,0.872821
142,0.954621
143,0.247092
144,0.134344
145,0.965819
146,0.780926
147,0.777512
148,0.820392
149,0.803135
150,0.690680
151,0.933283
152,0.107256
153,0.849223
154,0.493364
155,0.039580
156,0.894701
157,0.948172
158,0.963460
159,0.786653
160,0.973300
161,0.098074
162,0.948387
163,0.995958
164,0.149415
165,0.925123
166,0.052613
167,0.999656
168,0.614654
169,0.208235
170,0.641305
171,0.129744
172,0.042287
173,0.330920
174,0.957406
175,0.833424
176,0.775543
177,0.818797
178,0.675060
179,0.145878
180,0.038649
181,0.223534
182,0.032670
183,0.716744
184,0.871625
185,0.791980
186,0.932231
187,0.881425
188,0.992976
189,0.955750
190,0.993619
191,0.530261
192,0.922344
193,0.204348
194,0.128969
195,0.679231
196,0.589305
197,0.319578
198,0.911261
199,0.317623
200,0.971589
201,0.980194
202,0.019172
203,0.157243
204,0.040285
205,0.164833
206,0.960409
207,0.933341
208,0.997519
209,0.254689
210,0.909571
211,0.008907
212,0.084007
213,0.988408
214,0.992374
215,0.668217
216,0.205749
217,0.251261
218,0.429112
219,0.208518
220,0.242703
221,0.826524
222,0.965605
223,0.940500
224,0.491103
225,0.080085
226,0.750036
227,0.659250
228,0.102428
229,0.036003
230,0.034088
231,0.775497
232,0.037958
233,0.961274
234,0.033043
235,0.854905
236,0.199325
237,0.107356
238,0.896659
239,0.383895
240,0.091426
241,0.037723
242,0.920232
243,0.764640
244,0.967782
245,0.743398
246,0.928466
247,0.777163
248,0.996794
249,0.718344
250,0.987950
251,0.814092
252,0.128343
253,0.154692
254,0.144741
255,0.699364
256,0.084056
257,0.900367
258,0.399544
259,0.762647
260,0.900093
261,0.035769
262,0.795801
263,0.991551
264,0.800324
265,0.563282
266,0.970891
267,0.849294
268,0.102343
269,0.905609
270,0.049476
271,0.838885
272,0.097717
273,0.809206
274,0.912388
275,0.026056
276,0.989578
277,0.228657
278,0.996102
279,0.826178
280,0.035155
281,0.879698
282,0.398833
283,0.049133
284,0.497110
285,0.999793
286,0.979236
287,0.359923
288,0.088625
289,0.031236
290,0.013993
291,0.002330
292,0.934795
293,0.035248
294,0.067005
295,0.111731
296,0.862954
297,0.920840
298,0.504237
299,0.996518
300,0.612466
301,0.120605
302,0.962577
303,0.728174
304,0.460998
305,0.340139
306,0.114792
307,0.985837
308,0.878321
309,0.616924
310,0.247066
311,0.971398
312,0.788891
313,0.803957
314,0.126004
315,0.101366
316,0.714626
317,0.986130
318,0.967816
319,0.961541
320,0.098987
321,0.730797
322,0.796798
323,0.478187
324,0.582417
325,0.788751
326,0.951396
327,0.098664
328,0.945035
329,0.522854
330,0.953147
331,0.961212
332,0.910861
333,0.049507
334,0.109820
335,0.072342
336,0.940270
337,0.979686
338,0.974872
339,0.496270
340,0.648018
341,0.999097
342,0.339395
343,0.150208
344,0.020706
345,0.981694
346,0.974718
347,0.952194
348,0.019799
349,0.179327
350,0.852729
351,0.041640
352,0.571173
353,0.571654
354,0.942740
355,0.312647
356,0.169456
357,0.439250
358,0.941695
359,0.907450
360,0.982378
361,0.454673
362,0.986101
363,0.093462
364,0.412706
365,0.043104
366,0.985563
367,0.991254
368,0.107646
369,0.271981
370,0.401908
371,0.721139
372,0.180359
373,0.058855
374,0.921033
375,0.418972
376,0.309641
377,0.999895
378,0.208128
379,0.091023
380,0.023015
381,0.874185
382,0.292370
383,0.148401
384,0.092307
385,0.894974
386,0.135538
387,0.936626
388,0.967710
389,0.736080
390,0.752027
391,0.897173
392,0.865681
393,0.786716
394,0.082878
395,0.184299
396,0.997850
397,0.815771
398,0.501999
399,0.986883
400,0.982577
401,0.860546
402,0.852283
403,0.863146
404,0.317883
405,0.471169
406,0.990910
407,0.987445
408,0.358426
409,0.986143
410,0.977393
411,0.327152
412,0.882788
413,0.030174
414,0.061296
415,0.496248
416,0.928122
417,0.680835
418,0.038955
419,0.995141
420,0.542364
421,0.135532
422,0.092823
423,0.882767
424,0.807757
425,0.155742
426,0.156298
427,0.079751
428,0.865755
429,0.135933
430,0.863809
431,0.731725
432,0.998882
433,0.918574
434,0.990311
435,0.283958
436,0.860883
437,0.727838
438,0.416911
439,0.986834
440,0.045452
441,0.098049
442,0.949096
443,0.967982
444,0.984594
445,0.795265
446,0.154017
447,0.989271
448,0.996025
449,0.888429
450,0.794015
451,0.013162
452,0.128787
453,0.896909
454,0.032381
455,0.886757
456,0.726043
457,0.996672
458,0.908795
459,0.937799
460,0.683265
461,0.255552
462,0.118584
463,0.034795
464,0.896831
465,0.783934
466,0.850728
467,0.639461
468,0.185896
469,0.749009
470,0.982103
471,0.881314
472,0.571277
473,0.917919
474,0.068242
475,0.263142
476,0.960325
477,0.033160
478,0.118091
479,0.083265
480,0.312102
481,0.086897
482,0.946591
483,0.072159
484,0.942593
485,0.217680
486,0.648848
487,0.502279
488,0.238346
489,0.926469
490,0.760328
491,0.173777
492,0.217784
493,0.958995
494,0.931918
495,0.749226
496,0.255621
497,0.844982
498,0.110462
499,0.577863
500,0.937383
501,0.810000
502,0.155339
503,0.525171
504,0.106822
505,0.949537
506,0.213342
507,0.174355
508,0.967555
509,0.928247
510,0.032444
511,0.855329
512,0.154970
513,0.538163
514,0.097600
515,0.030635
516,0.961151
517,0.990713
518,0.469059
519,0.918040
520,0.136534
521,0.574594
522,0.101548
523,0.994394
524,0.983096
525,0.979449
526,0.730674
527,0.242486
528,0.979634
529,0.484621
530,0.090207
531,0.732853
532,0.729867
533,0.783374
534,0.110534
535,0.938988
536,0.788642
537,0.966006
538,0.164204
539,0.938693
540,0.790072
541,0.042090
542,0.775619
543,0.065076
544,0.570684
545,0.059437
546,0.967744
547,0.965278
548,0.225362
549,0.944384
550,0.196995
551,0.853299
552,0.034076
553,0.035958
554,0.849853
555,0.614658
556,0.845962
557,0.340011
558,0.037393
559,0.960083
560,0.987028
561,0.947914
562,0.914042
563,0.605574
564,0.404340
565,0.481678
566,0.979211
567,0.809851
568,0.963340
569,0.989414
570,0.141299
571,0.692454
572,0.498610
573,0.050126
574,0.155341
575,0.158032
576,0.820105
577,0.987066
578,0.960561
579,0.671168
580,0.426109
581,0.047322
582,0.772873
583,0.927128
584,0.551753
585,0.110273
586,0.093702
587,0.106544
588,0.815058
589,0.988881
590,0.792778
591,0.044015
592,0.548958
593,0.376332
594,0.870442
595,0.043159
596,0.200730
597,0.578810
598,0.845013
599,0.965261
600,0.676778
601,0.988297
602,0.990542
603,0.713959
604,0.266547
605,0.969757
606,0.805578
607,0.950227
608,0.066824
609,0.547374
610,0.979686
611,0.982564
612,0.083771
613,0.998006
614,0.771859
615,0.062277
616,0.002267
617,0.019305
618,0.002420
619,0.013538
620,0.961720
621,0.139915
622,0.984677
623,0.655281
624,0.163724
625,0.082862
626,0.038897
627,0.998396
628,0.756523
629,0.855544
630,0.051749
631,0.953816
632,0.335241
633,0.765456
634,0.074761
635,0.402697
636,0.998347
637,0.725168
638,0.065371
639,0.070280
640,0.880711
641,0.981332
642,0.812077
643,0.059987
644,0.559990
645,0.909017
646,0.856694
647,0.011126
648,0.030938
649,0.101829
650,0.910080
651,0.952138
652,0.246807
653,0.984687
654,0.085782
655,0.895377
656,0.018326
657,0.901539
658,0.969280
659,0.551665
660,0.909024
661,0.603735
662,0.870237
663,0.962031
664,0.224463
665,0.936791
666,0.808597
667,0.704097
668,0.055027
669,0.677823
670,0.122453
671,0.913296
672,0.305917
673,0.891282
674,0.820387
675,0.882238
676,0.820779
677,0.938711
678,0.725647
679,0.913770
680,0.990075
681,0.032849
682,0.252945
683,0.890230
684,0.914418
685,0.976259
686,0.319772
687,0.534771
688,0.928976
689,0.930226
690,0.765024
691,0.354540
692,0.599675
693,0.905477
694,0.009330
695,0.998339
696,0.815859
697,0.677134
698,0.865931
699,0.962298
700,0.976061
701,0.072115
702,0.915236
703,0.766997
704,0.519470
705,0.884710
706,0.114372
707,0.016742
708,0.832876
709,0.411345
710,0.313449
711,0.115682
712,0.130428
713,0.156923
714,0.064532
715,0.966065
716,0.849596
717,0.955095
718,0.271426
719,0.818690
720,0.999110
721,0.431535
722,0.993454
723,0.106016
724,0.101558
725,0.797869
726,0.975579
727,0.979845
728,0.534634
729,0.571702
730,0.999430
731,0.964709
732,0.834048
733,0.585688
734,0.090027
735,0.513164
736,0.416653
737,0.860875
738,0.374079
739,0.057973
740,0.997223
741,0.328494
742,0.890937
743,0.217745
744,0.066336
745,0.140318
746,0.848703
747,0.872464
748,0.340895
749,0.166324
750,0.989875
751,0.114614
752,0.185859
753,0.442829
754,0.997381
755,0.721382
756,0.983655
757,0.976512
758,0.925039
759,0.981735
760,0.651035
761,0.962269
762,0.981744
763,0.034532
764,0.893301
765,0.078183
766,0.916779
767,0.974252
768,0.549600
769,0.677787
770,0.903226
771,0.089074
772,0.692698
773,0.152369
774,0.873190
775,0.167712
776,0.959962
777,0.765821
778,0.084277
779,0.009082
780,0.938836
781,0.010963
782,0.055176
783,0.722405
784,0.946401
785,0.947298
786,0.736183
787,0.146147
788,0.162815
789,0.034946
790,0.074302
791,0.645662
792,0.086314
793,0.883603
794,0.877691
795,0.027988
796,0.038032
797,0.979125
798,0.669014
799,0.907972
800,0.808570
801,0.180077
802,0.795420
803,0.670843
804,0.533771
805,0.858828
806,0.990112
807,0.613285
808,0.991465
809,0.844378
810,0.834995
811,0.896030
812,0.894366
813,0.859937
814,0.944054
815,0.744186
816,0.939185
817,0.675642
818,0.988450
819,0.393591
820,0.852865
821,0.531200
822,0.047148
823,0.719888
824,0.156585
825,0.993553
826,0.952887
827,0.240186
828,0.999140
829,0.791897
830,0.792993
831,0.722582
832,0.860318
833,0.851453
834,0.276621
835,0.728910
836,0.979359
837,0.997298
838,0.115155
839,0.875954
840,0.096503
841,0.927798
842,0.946402
843,0.743997
844,0.166200
845,0.375821
846,0.024269
847,0.038427
848,0.085467
849,0.773538
850,0.351208
851,0.998901
852,0.060376
853,0.234569
854,0.219011
855,0.752641
856,0.790226
857,0.913676
858,0.196104
859,0.059488
860,0.113206
861,0.883809
862,0.886294
863,0.970495
864,0.987663
865,0.607594
866,0.917979
867,0.466189
868,0.126314
869,0.034990
870,0.019762
871,0.081083
872,0.900402
873,0.990148
874,0.514832
875,0.128117
876,0.446411
877,0.835432
878,0.948792
879,0.988609
880,0.650844
881,0.088605
882,0.797315
883,0.868271
884,0.880552
885,0.038951
886,0.920302
887,0.088705
888,0.947548
889,0.550988
890,0.133771
891,0.606195
892,0.161392
893,0.052922
894,0.167893
895,0.629919
896,0.995425
897,0.840904
898,0.834546
899,0.808023
900,0.881853
901,0.971343
902,0.520385
903,0.843787
904,0.243647
905,0.835006
906,0.989700
907,0.148471
908,0.864883
909,0.028794
910,0.965467
911,0.978055
912,0.036980
913,0.132734
914,0.126557
915,0.423399
916,0.985981
917,0.078132
918,0.430833
919,0.095476
920,0.079749
921,0.045867
922,0.954593
923,0.587480
924,0.825960
925,0.042105
926,0.004895
927,0.894657
928,0.677256
929,0.993810
930,0.954804
931,0.960284
932,0.399367
933,0.977674
934,0.640577
935,0.774334
936,0.742837
937,0.683840
938,0.919497
939,0.974313
940,0.892415
941,0.519288
942,0.926075
943,0.205026
944,0.861023
945,0.121861
946,0.698293
947,0.770123
948,0.992867
949,0.614125
950,0.256969
951,0.015492
952,0.971143
953,0.161347
954,0.261230
955,0.938731
956,0.966928
957,0.256651
958,0.541051
959,0.967075
960,0.888099
961,0.911002
962,0.910719
963,0.987490
964,0.115544
965,0.084145
966,0.066557
967,0.017702
968,0.036714
969,0.708908
970,0.693198
971,0.039963
972,0.085084
973,0.315154
974,0.969225
975,0.119174
976,0.109526
977,0.181229
978,0.879751
979,0.073081
980,0.192398
981,0.549442
982,0.050425
983,0.043364
984,0.056125
985,0.583664
986,0.037862
987,0.997040
988,0.932510
989,0.695143
990,0.727535
991,0.873602
992,0.706589
993,0.868123
994,0.950939
995,0.148050
996,0.677173
997,0.135422
998,0.920475
999,0.918412
1000,0.977419
1001,0.153459
1002,0.369768
1003,0.047258
1004,0.027546
1005,0.066954
1006,0.125403
1007,0.501150
1008,0.411226
1009,0.839817
1010,0.951055
1011,0.976482
1012,0.488057
1013,0.442993
1014,0.029802
1015,0.981333
1016,0.105437
1017,0.170769
1018,0.048866
1019,0.222335
1020,0.839507
1021,0.951445
1022,0.993853
1023,0.815665
1024,0.898588
1025,0.978310
1026,0.999881
1027,0.025314
1028,0.073007
1029,0.862757
1030,0.584430
1031,0.019383
1032,0.095921
1033,0.873683
1034,0.668760
1035,0.507079
1036,0.011216
1037,0.793712
1038,0.516264
1039,0.965088
1040,0.955958
1041,0.016384
1042,0.743854
1043,0.408404
1044,0.945494
1045,0.975284
1046,0.483551
1047,0.976553
1048,0.751423
1049,0.101686
1050,0.460317
1051,0.027666
1052,0.888090
1053,0.893317
1054,0.113838
1055,0.157329
1056,0.794962
1057,0.801529
1058,0.056459
1059,0.080543
1060,0.275913
1061,0.043141
1062,0.825236
1063,0.837509
1064,0.941125
1065,0.220558
1066,0.571439
1067,0.173559
1068,0.583451
1069,0.752153
1070,0.118816
1071,0.767067
1072,0.049378
1073,0.966713
1074,0.810454
1075,0.885722
1076,0.958749
1077,0.088172
1078,0.954672
1079,0.368406
1080,0.329846
1081,0.045507
1082,0.703779
1083,0.916378
1084,0.693106
1085,0.199826
1086,0.131410
1087,0.042715
1088,0.121139
1089,0.423368
1090,0.237584
1091,0.793827
1092,0.357309
1093,0.680655
1094,0.962688
1095,0.146111
1096,0.883996
1097,0.989490
1098,0.648127
1099,0.002725
1100,0.200135
1101,0.362848
1102,0.275623
1103,0.020694
1104,0.701546
1105,0.675942
1106,0.803616
1107,0.969368
1108,0.101402
1109,0.801374
1110,0.765076
1111,0.945976
1112,0.961091
1113,0.466001
1114,0.486512
1115,0.900537
1116,0.823565
1117,0.370100
1118,0.147711
1119,0.891483
1120,0.504507
1121,0.052807
1122,0.028321
1123,0.079315
1124,0.159042
1125,0.675314
1126,0.962689
1127,0.488322
1128,0.646931
1129,0.987235
1130,0.990453
1131,0.905361
1132,0.953130
1133,0.301203
1134,0.871684
1135,0.055870
1136,0.953795
1137,0.083977
1138,0.779612
1139,0.088663
1140,0.598526
1141,0.727183
1142,0.944659
1143,0.870351
1144,0.050203
1145,0.950387
1146,0.451791
1147,0.351896
1148,0.961965
1149,0.598676
1150,0.164913
1151,0.395882
1152,0.455308
1153,0.818663
1154,0.665033
1155,0.984229
1156,0.884784
1157,0.970316
1158,0.041477
1159,0.563613
1160,0.678608
1161,0.128661
1162,0.851557
1163,0.059702
1164,0.999937
1165,0.958428
1166,0.059238
1167,0.983695
1168,0.789411
1169,0.144081
1170,0.992337
1171,0.626819
1172,0.906629
1173,0.978743
1174,0.022932
1175,0.143590
1176,0.660487
1177,0.000522
1178,0.344538
1179,0.882210
1180,0.467701
1181,0.379430
1182,0.577478
1183,0.188853
1184,0.035274
1185,0.833893
1186,0.096717
1187,0.105881
1188,0.974171
1189,0.833021
1190,0.936341
1191,0.952010
1192,0.975111
1193,0.035410
1194,0.731610
1195,0.619571
1196,0.922765
1197,0.271230
1198,0.139785
1199,0.222539
1200,0.935666
1201,0.147568
1202,0.143636
1203,0.449848
1204,0.254696
1205,0.738466
1206,0.880240
1207,0.751995
1208,0.878792
1209,0.378809
1210,0.131048
1211,0.680444
1212,0.999665
1213,0.026159
1214,0.195501
1215,0.888618
1216,0.751132
1217,0.183029
1218,0.936388
1219,0.782399
1220,0.696895
1221,0.147787
1222,0.223526
1223,0.043566
1224,0.566112
1225,0.097906
1226,0.955331
1227,0.997714
1228,0.970053
1229,0.745346
1230,0.586370
1231,0.137942
1232,0.782891
1233,0.152329
1234,0.048949
1235,0.980104
1236,0.892743
1237,0.848414
1238,0.210398
1239,0.761424
1240,0.657253
1241,0.126962
1242,0.133608
1243,0.494118
1244,0.823759
1245,0.840949
1246,0.987232
1247,0.643586
1248,0.409130
1249,0.204378
1250,0.589064
1251,0.076622
1252,0.751509
1253,0.169570
1254,0.590715
1255,0.008224
1256,0.048209
1257,0.677071
1258,0.089695
1259,0.952255
1260,0.672236
1261,0.028861
1262,0.703762
1263,0.997614
1264,0.719267
1265,0.102658
1266,0.909013
1267,0.980460
1268,0.883978
1269,0.671370
1270,0.795657
1271,0.095770
1272,0.072001
1273,0.885822
1274,0.801674
1275,0.908493
1276,0.896204
1277,0.567377
1278,0.079522
1279,0.981399
1280,0.477792
1281,0.262075
1282,0.995078
1283,0.698107
1284,0.847504
1285,0.070050
1286,0.981938
1287,0.919787
1288,0.556420
1289,0.822396
1290,0.986326
1291,0.234049
1292,0.966984
1293,0.899915
1294,0.569289
1295,0.733153
1296,0.979543
1297,0.116459
1298,0.330140
1299,0.983107
1300,0.743705
1301,0.984186
1302,0.986570
1303,0.999670
1304,0.976585
1305,0.140156
1306,0.097724
1307,0.789360
1308,0.981470
1309,0.684404
1310,0.939868
1311,0.907388
1312,0.924067
1313,0.143305
1314,0.625698
1315,0.036982
1316,0.074120
1317,0.199572
1318,0.596344
1319,0.224784
1320,0.743310
1321,0.094465
1322,0.038578
1323,0.241612
1324,0.557400
1325,0.134224
1326,0.999985
1327,0.835682
1328,0.154889
1329,0.638468
1330,0.774424
1331,0.819415
1332,0.580140
1333,0.904654
1334,0.370982
1335,0.289844
1336,0.801314
1337,0.643224
1338,0.171235
1339,0.466832
1340,0.986461
1341,0.562278
1342,0.191858
1343,0.367912
1344,0.126317
1345,0.564519
1346,0.031214
1347,0.077369
1348,0.119200
1349,0.861133
1350,0.084032
1351,0.885792
1352,0.171937
1353,0.208593
1354,0.027249
1355,0.158189
1356,0.452963
1357,0.145101
1358,0.170209
1359,0.064131
1360,0.900027
1361,0.095462
1362,0.268572
1363,0.137378
1364,0.615079
1365,0.037705
1366,0.054796
1367,0.892927
1368,0.212526
1369,0.704368
1370,0.067098
1371,0.036449
1372,0.990671
1373,0.991581
1374,0.112622
1375,0.049222
1376,0.048730
1377,0.129328
1378,0.064485
1379,0.742401
1380,0.981659
1381,0.967332
1382,0.932900
1383,0.918874
1384,0.261508
1385,0.890611
1386,0.255488
1387,0.049123
1388,0.180527
1389,0.091981
1390,0.957489
1391,0.305659
1392,0.053965
1393,0.949618
1394,0.870557
1395,0.731592
1396,0.927075
1397,0.995544
1398,0.999941
1399,0.729034
1400,0.037231
1401,0.844325
1402,0.685611
1403,0.014945
1404,0.009153
1405,0.171622
1406,0.775787
1407,0.869902
1408,0.100365
1409,0.034559
1410,0.893209
1411,0.844129
1412,0.128667
1413,0.957767
1414,0.951732
1415,0.984479
1416,0.999872
1417,0.965164
1418,0.013516
1419,0.883663
1420,0.351556
1421,0.088483
1422,0.135433
1423,0.050977
1424,0.998836
1425,0.025159
1426,0.020978
1427,0.060540
1428,0.845321
1429,0.205822
1430,0.140472
1431,0.738170
1432,0.356880
1433,0.129372
1434,0.889203
1435,0.834775
1436,0.984511
1437,0.997487
1438,0.743500
1439,0.998054
1440,0.051440
1441,0.265047
1442,0.140785
1443,0.021178
1444,0.124882
1445,0.034662
1446,0.728620
1447,0.991223
1448,0.878883
1449,0.312174
1450,0.981223
1451,0.204783
1452,0.913665
1453,0.954757
1454,0.056095
1455,0.057617
1456,0.182621
1457,0.758060
1458,0.856065
1459,0.956950
1460,0.877861
1461,0.280230
1462,0.189141
1463,0.546005
1464,0.986755
1465,0.214960
1466,0.160789
1467,0.965025
1468,0.120525
1469,0.963468
1470,0.097543
1471,0.047874
1472,0.990209
1473,0.870928
1474,0.100842
1475,0.885932
1476,0.897275
1477,0.116789
1478,0.095657
1479,0.072706
1480,0.149714
1481,0.967558
1482,0.079108
1483,0.100846
1484,0.966627
1485,0.326386
1486,0.799598
1487,0.293596
1488,0.151404
1489,0.977427
1490,0.966816
1491,0.056083
1492,0.932568
1493,0.185741
1494,0.976903
1495,0.962314
1496,0.036867
1497,0.920375
1498,0.974100
1499,0.986901
1500,0.839528
1501,0.142715
1502,0.445922
1503,0.103372
1504,0.983369
1505,0.073749
1506,0.770679
1507,0.165697
1508,0.982288
1509,0.530133
1510,0.672302
1511,0.064773
1512,0.986672
1513,0.670691
1514,0.254780
1515,0.087819
1516,0.713026
1517,0.881992
1518,0.025125
1519,0.075654
1520,0.980967
1521,0.869887
1522,0.949050
1523,0.101231
1524,0.965921
1525,0.969239
1526,0.226080
1527,0.315176
1528,0.969307
1529,0.800688
1530,0.977781
1531,0.806428
1532,0.062036
1533,0.063472
1534,0.951719
1535,0.033494
1536,0.918642
1537,0.963151
1538,0.044589
1539,0.167052
1540,0.911722
1541,0.352697
1542,0.156474
1543,0.097053
1544,0.988414
1545,0.981278
1546,0.768630
1547,0.990794
1548,0.479543
1549,0.051673
1550,0.073571
1551,0.018317
1552,0.055726
1553,0.188393
1554,0.037492
1555,0.042815
1556,0.805453
1557,0.035598
1558,0.212447
1559,0.985583
1560,0.398541
1561,0.581664
1562,0.907851
1563,0.732736
1564,0.623099
1565,0.755783
1566,0.019744
1567,0.360248
1568,0.432454
1569,0.307132
1570,0.849613
1571,0.202242
1572,0.723323
1573,0.635974
1574,0.924973
1575,0.998786
1576,0.837720
1577,0.600372
1578,0.100486
1579,0.251196
1580,0.897004
1581,0.120744
1582,0.024503
1583,0.816053
1584,0.885112
1585,0.466559
1586,0.905983
1587,0.966230
1588,0.608500
1589,0.902059
1590,0.965986
1591,0.154847
1592,0.814537
1593,0.765610
1594,0.029149
1595,0.046800
1596,0.016344
1597,0.879376
1598,0.933203
1599,0.048574
1600,0.531481
1601,0.299960
1602,0.665754
1603,0.591838
1604,0.565865
1605,0.135530
1606,0.986885
1607,0.953748
1608,0.776528
1609,0.789514
1610,0.783571
1611,0.757617
1612,0.812816
1613,0.161575
1614,0.999445
1615,0.977716
1616,0.222377
1617,0.279414
1618,0.794354
1619,0.822600
1620,0.902580
1621,0.887475
1622,0.860169
1623,0.084088
1624,0.108667
1625,0.059177
1626,0.074495
1627,0.135739
1628,0.928376
1629,0.732194
1630,0.506848
1631,0.724382
1632,0.204681
1633,0.622466
1634,0.051641
1635,0.063420
1636,0.001252
1637,0.092181
1638,0.920638
1639,0.871584
1640,0.319127
1641,0.108746
1642,0.995454
1643,0.945133
1644,0.996508
1645,0.002138
1646,0.963690
1647,0.590438
1648,0.708380
1649,0.929272
1650,0.747575
1651,0.983044
1652,0.015189
1653,0.981695
1654,0.868328
1655,0.953936
1656,0.559483
1657,0.845613
1658,0.088442
1659,0.997957
1660,0.959054
1661,0.106009
1662,0.776065
1663,0.624950
1664,0.053811
1665,0.111581
1666,0.278849
1667,0.488857
1668,0.974819
1669,0.750891
1670,0.242870
1671,0.998955
1672,0.933819
1673,0.380431
1674,0.115484
1675,0.195247
1676,0.015325
1677,0.981486
1678,0.757033
1679,0.016803
1680,0.841300
1681,0.543197
1682,0.563330
1683,0.994196
1684,0.013097
1685,0.241405
1686,0.050174
1687,0.095648
1688,0.921934
1689,0.803699
1690,0.680466
1691,0.069102
1692,0.311557
1693,0.748551
1694,0.304053
1695,0.364289
1696,0.993451
1697,0.985843
1698,0.034814
1699,0.889262
1700,0.030988
1701,0.052640
1702,0.877556
1703,0.659499
1704,0.040956
1705,0.231551
1706,0.122264
1707,0.956907
1708,0.391431
1709,0.228036
1710,0.197826
1711,0.068353
1712,0.075482
1713,0.655529
1714,0.071405
1715,0.142269
1716,0.988996
1717,0.047133
1718,0.025108
1719,0.163020
1720,0.774437
1721,0.170675
1722,0.836301
1723,0.914291
1724,0.031878
1725,0.595160
1726,0.042199
1727,0.983650
1728,0.419630
1729,0.816406
1730,0.998093
1731,0.058507
1732,0.802172
1733,0.026200
1734,0.093741
1735,0.878476
1736,0.081616
1737,0.818749
1738,0.998657
1739,0.905561
1740,0.087567
1741,0.303755
1742,0.049770
1743,0.022432
1744,0.999784
1745,0.384274
1746,0.949361
1747,0.790184
1748,0.189536
1749,0.124703
1750,0.916514
1751,0.052269
1752,0.033289
1753,0.407897
1754,0.932997
1755,0.978223
1756,0.204783
1757,0.845380
1758,0.636860
1759,0.703535
1760,0.534310
1761,0.264721
1762,0.668964
1763,0.835095
1764,0.629309
1765,0.166551
1766,0.985734
1767,0.313068
1768,0.657804
1769,0.524672
1770,0.169475
1771,0.943981
1772,0.844344
1773,0.956569
1774,0.241177
1775,0.050362
1776,0.836982
1777,0.273512
1778,0.914369
1779,0.033314
1780,0.034963
1781,0.951154
1782,0.237389
1783,0.294340
1784,0.886920
1785,0.212183
1786,0.791593
1787,0.370709
1788,0.120173
1789,0.961293
1790,0.047428
1791,0.596894
1792,0.974859
1793,0.247112
1794,0.800913
1795,0.497990
1796,0.115086
1797,0.200934
1798,0.123538
1799,0.134276
1800,0.925216
1801,0.100725
1802,0.137441
1803,0.800738
1804,0.043871
1805,0.958586
1806,0.134983
1807,0.813822
1808,0.918072
1809,0.170927
1810,0.132247
1811,0.021967
1812,0.146862
1813,0.972594
1814,0.081921
1815,0.989950
1816,0.056285
1817,0.923957
1818,0.181403
1819,0.530676
1820,0.741109
1821,0.795850
1822,0.920174
1823,0.854577
1824,0.402783
1825,0.993404
1826,0.961820
1827,0.859490
1828,0.041211
1829,0.102786
1830,0.113328
1831,0.567877
1832,0.890960
1833,0.135560
1834,0.116542
1835,0.838403
1836,0.789350
1837,0.024518
1838,0.191289
1839,0.883710
1840,0.709836
1841,0.904287
1842,0.292595
1843,0.873708
1844,0.976894
1845,0.952272
1846,0.988667
1847,0.989014
1848,0.056762
1849,0.748793
1850,0.290319
1851,0.843686
1852,0.036868
1853,0.915426
1854,0.987171
1855,0.840326
1856,0.191960
1857,0.590530
1858,0.316378
1859,0.129288
1860,0.613097
1861,0.045598
1862,0.061097
1863,0.077339
1864,0.095661
1865,0.068376
1866,0.251805
1867,0.913208
1868,0.041479
1869,0.940475
1870,0.472836
1871,0.082700
1872,0.097445
1873,0.987980
1874,0.033341
1875,0.913542
1876,0.133060
1877,0.086951
1878,0.944079
1879,0.078908
1880,0.449613
1881,0.604100
1882,0.976945
1883,0.142795
1884,0.962269
1885,0.038522
1886,0.024480
1887,0.062043
1888,0.030870
1889,0.818885
1890,0.213699
1891,0.087056
1892,0.807361
1893,0.239848
1894,0.414840
1895,0.094884
1896,0.919212
1897,0.987363
1898,0.212670
1899,0.447354
1900,0.417427
1901,0.063062
1902,0.980206
1903,0.778340
1904,0.360926
1905,0.746678
1906,0.062424
1907,0.297704
1908,0.219266
1909,0.157218
1910,0.836020
1911,0.005327
1912,0.962715
1913,0.986441
1914,0.897030
1915,0.545304
1916,0.039441
1917,0.181599
1918,0.083906
1919,0.252244
1920,0.045281
1921,0.983277
1922,0.057273
1923,0.512486
1924,0.982233
1925,0.978804
1926,0.226457
1927,0.813855
1928,0.014576
1929,0.666305
1930,0.044630
1931,0.187045
1932,0.895995
1933,0.173539
1934,0.593395
1935,0.697922
1936,0.958043
1937,0.322135
1938,0.269681
1939,0.974094
1940,0.076665
1941,0.881385
1942,0.880043
1943,0.283670
1944,0.698115
1945,0.102080
1946,0.839684
1947,0.016983
1948,0.044047
1949,0.040268
1950,0.155752
1951,0.128604
1952,0.949890
1953,0.174362
1954,0.953394
1955,0.978362
1956,0.675497
1957,0.980185
1958,0.397163
1959,0.954905
1960,0.101890
1961,0.099085
1962,0.731821
1963,0.824292
1964,0.988644
1965,0.678082
1966,0.917974
1967,0.877200
1968,0.810895
1969,0.058531
1970,0.142341
1971,0.147422
1972,0.081787
1973,0.705136
1974,0.069964
1975,0.977485
1976,0.259722
1977,0.013799
1978,0.077490
1979,0.043757
1980,0.716883
1981,0.383090
1982,0.492861
1983,0.385550
1984,0.173234
1985,0.922083
1986,0.038936
1987,0.028396
1988,0.068338
1989,0.291115
1990,0.616375
1991,0.038259
1992,0.092408
1993,0.832251
1994,0.878705
1995,0.633294
1996,0.021135
1997,0.820324
1998,0.978616
1999,0.501365
2000,0.888079
2001,0.688748
2002,0.093499
2003,0.093380
2004,0.255640
2005,0.528279
2006,0.627413
2007,0.151599
2008,0.215309
2009,0.994646
2010,0.851727
2011,0.876672
2012,0.890330
2013,0.860118
2014,0.403901
2015,0.137825
2016,0.847317
2017,0.933534
2018,0.899904
2019,0.962121
2020,0.996699
2021,0.997568
2022,0.544014
2023,0.040408
2024,0.114442
2025,0.103768
2026,0.527469
2027,0.822917
2028,0.155070
2029,0.810356
2030,0.066416
2031,0.528502
2032,0.471839
2033,0.096259
2034,0.085275
2035,0.944579
2036,0.984696
2037,0.306191
2038,0.143202
2039,0.257051
2040,0.680794
2041,0.434526
2042,0.616060
2043,0.240865
2044,0.940670
2045,0.467719
2046,0.901504
2047,0.856822
2048,0.553559
2049,0.962443
2050,0.033775
2051,0.583560
2052,0.941842
2053,0.796168
2054,0.512868
2055,0.938756
2056,0.013146
2057,0.140512
2058,0.225885
2059,0.249765
2060,0.502569
2061,0.478774
2062,0.834133
2063,0.550604
2064,0.729522
2065,0.513995
2066,0.785857
2067,0.075537
2068,0.718193
2069,0.232062
2070,0.964413
2071,0.163981
2072,0.081084
2073,0.389063
2074,0.139449
2075,0.716183
2076,0.208621
2077,0.173854
2078,0.049594
2079,0.745670
2080,0.451369
2081,0.937102
2082,0.340351
2083,0.483180
2084,0.947210
2085,0.942204
2086,0.998991
2087,0.231255
2088,0.585856
2089,0.086269
2090,0.018274
2091,0.805793
2092,0.713541
2093,0.315797
2094,0.706720
2095,0.036390
2096,0.903466
2097,0.996914
2098,0.127596
2099,0.616004
2100,0.382647
2101,0.037792
2102,0.275588
2103,0.139170
2104,0.148907
2105,0.996873
2106,0.094173
2107,0.785133
2108,0.111074
2109,0.022119
2110,0.873873
2111,0.063813
2112,0.040250
2113,0.063279
2114,0.249032
2115,0.294648
2116,0.550582
2117,0.735408
2118,0.044438
2119,0.761919
2120,0.672759
2121,0.847922
2122,0.498740
2123,0.999189
2124,0.683325
2125,0.083154
2126,0.997934
2127,0.386944
2128,0.064789
2129,0.668884
2130,0.000000
2131,0.301741
2132,0.243710
2133,0.026622
2134,0.638574
2135,0.927838
2136,0.654686
2137,0.040010
2138,0.136048
2139,0.028087
2140,0.774136
2141,0.194144
2142,0.023613
2143,0.961578
2144,0.962808
2145,0.198953
2146,0.045093
2147,0.090471
2148,0.066708
2149,0.965351
2150,0.411363
2151,0.750087
2152,0.929973
2153,0.068615
2154,0.655739
2155,0.987343
2156,0.057472
2157,0.982038
2158,0.646425
2159,0.043664
2160,0.936482
2161,0.070893
2162,0.948075
2163,0.899051
2164,0.030285
2165,0.062467
2166,0.085785
2167,0.078921
2168,0.829694
2169,0.989117
2170,0.340661
2171,0.163610
2172,0.772970
2173,0.030758
2174,0.150719
2175,0.976189
2176,0.785550
2177,0.924591
2178,0.206276
2179,0.082011
2180,0.989351
2181,0.759723
2182,0.804063
2183,0.170223
2184,0.945634
2185,0.713475
2186,0.052309
2187,0.885761
2188,0.321477
2189,0.948437
2190,0.022231
2191,0.981061
2192,0.981225
2193,0.033790
2194,0.128616
2195,0.102993
2196,0.079715
2197,0.988271
2198,0.930474
2199,0.985724
2200,0.927273
2201,0.966005
2202,0.036000
2203,0.088604
2204,0.929284
2205,0.511037
2206,0.268273
2207,0.015276
2208,0.131079
2209,0.194319
2210,0.959354
2211,0.949212
2212,0.987143
2213,0.277022
2214,0.842737
2215,0.296337
2216,0.865390
2217,0.258906
2218,0.998947
2219,0.058842
2220,0.138065
2221,0.965601
2222,0.159893
2223,0.024709
2224,0.986766
2225,0.962284
2226,0.338956
2227,0.605805
2228,0.028698
2229,0.445984
2230,0.629412
2231,0.010489
2232,0.137519
2233,0.094955
2234,0.934799
2235,0.027521
2236,0.512195
2237,0.923243
2238,0.075056
2239,0.034766
2240,0.019164
2241,0.928018
2242,0.098588
2243,0.984832
2244,0.992291
2245,0.168692
2246,0.077761
2247,0.433833
2248,0.878402
2249,0.379931
2250,0.095539
2251,0.646033
2252,0.952918
2253,0.175445
2254,0.291124
2255,0.405545
2256,0.260541
2257,0.290694
2258,0.082653
2259,0.210377
2260,0.232539
2261,0.933111
2262,0.678662
2263,0.836347
2264,0.126381
2265,0.439792
2266,0.026947
2267,0.422834
2268,0.728266
2269,0.066079
2270,0.094117
2271,0.922265
2272,0.924436
2273,0.752864
2274,0.029388
2275,0.236650
2276,0.983315
2277,0.186913
2278,0.016155
2279,0.569220
2280,0.960482
2281,0.897792
2282,0.533575
2283,0.977691
2284,0.089086
2285,0.967844
2286,0.912635
2287,0.885028
2288,0.068536
2289,0.608379
2290,0.811510
2291,0.249261
2292,0.728789
2293,0.957538
2294,0.857107
2295,0.979947
2296,0.268603
2297,0.032938
2298,0.009484
2299,0.711522
2300,0.073659
2301,0.093595
2302,0.378337
2303,0.998511
2304,0.182921
2305,0.609337
2306,0.095444
2307,0.982792
2308,0.037796
2309,0.083793
2310,0.811463
2311,0.613330
2312,0.975341
2313,0.045889
2314,0.939684
2315,0.394160
2316,0.036756
2317,0.050208
2318,0.776363
2319,0.769676
2320,0.965574
2321,0.724511
2322,0.026962
2323,0.028940
2324,0.126886
2325,0.661155
2326,0.159673
2327,0.066789
2328,0.183185
2329,0.800053
2330,0.115545
2331,0.787431
2332,0.690919
2333,0.225868
2334,0.972577
2335,0.849749
2336,0.976540
2337,0.224377
2338,0.674674
2339,0.090083
2340,0.998254
2341,0.776637
2342,0.345938
2343,0.043484
2344,0.376789
2345,0.582262
2346,0.915963
2347,0.071588
2348,0.538164
2349,0.243318
2350,0.885270
2351,0.960209
2352,0.734606
2353,0.244369
2354,0.994840
2355,0.940606
2356,0.703551
2357,0.660669
2358,0.606772
2359,0.989835
2360,0.499746
2361,0.712290
2362,0.797488
2363,0.857664
2364,0.672271
2365,0.933395
2366,0.888770
2367,0.987939
2368,0.273836
2369,0.879441
2370,0.114788
2371,0.183627
2372,0.525334
2373,0.177990
2374,0.668583
2375,0.221199
2376,0.129937
2377,0.193866
2378,0.244583
2379,0.815477
2380,0.108085
2381,0.075094
2382,0.599978
2383,0.156287
2384,0.335940
2385,0.274430
2386,0.491412
2387,0.970335
2388,0.084059
2389,0.960600
2390,0.687946
2391,0.436069
2392,0.992161
2393,0.989398
2394,0.838310
2395,0.169842
2396,0.780563
2397,0.181629
2398,0.198626
2399,0.953705
2400,0.036965
2401,0.997012
2402,0.109900
2403,0.341636
2404,0.279757
2405,0.989557
2406,0.268115
2407,0.990541
2408,0.273193
2409,0.456627
2410,0.067140
2411,0.979155
2412,0.010603
2413,0.131020
2414,0.032824
2415,0.835978
2416,0.060574
2417,0.992486
2418,0.338494
2419,0.071639
2420,0.289209
2421,0.132228
2422,0.127799
2423,0.952324
2424,0.752124
2425,0.918152
2426,0.963268
2427,0.928139
2428,0.497117
2429,0.967008
2430,0.019479
2431,0.288300
2432,0.952225
2433,0.050852
2434,0.789975
2435,0.030453
2436,0.209200
2437,0.980333
2438,0.027501
2439,0.405495
2440,0.806617
2441,0.350918
2442,0.732055
2443,0.073386
2444,0.107486
2445,0.967327
2446,0.915893
2447,0.979997
2448,0.863417
2449,0.945247
2450,0.780985
2451,0.606937
2452,0.151814
2453,0.618095
2454,0.759064
2455,0.399188
2456,0.298023
2457,0.085369
2458,0.069191
2459,0.995647
2460,0.072913
2461,0.066486
2462,0.107852
2463,0.248507
2464,0.915388
2465,0.352030
2466,0.018884
2467,0.155657
2468,0.831905
2469,0.118061
2470,0.889746
2471,0.940746
2472,0.712383
2473,0.982847
2474,0.745227
2475,0.694508
2476,0.021511
2477,0.138817
2478,0.057310
2479,0.252244
2480,0.949038
2481,0.156060
2482,0.076738
2483,0.070636
2484,0.706673
2485,0.075191
2486,0.503396
2487,0.146774
2488,0.927343
2489,0.860368
2490,0.169329
2491,0.000584
2492,0.491190
2493,0.891208
2494,0.237609
2495,0.767525
2496,0.989333
2497,0.592475
2498,0.041514
2499,0.993683
2500,0.921042
2501,0.782706
2502,0.131245
2503,0.975119
2504,0.171413
2505,0.152886
2506,0.094564
2507,0.039909
2508,0.239956
2509,0.309914
2510,0.155673
2511,0.961618
2512,0.966510
2513,0.023054
2514,0.087791
2515,0.847876
2516,0.837093
2517,0.870545
2518,0.032565
2519,0.869612
2520,0.151087
2521,0.087852
2522,0.090932
2523,0.798715
2524,0.976719
2525,0.101059
2526,0.100184
2527,0.123788
2528,0.711103
2529,0.139733
2530,0.061098
2531,0.847408
2532,0.052026
2533,0.149663
2534,0.086047
2535,0.090604
2536,0.888703
2537,0.040498
2538,0.593228
2539,0.424460
2540,0.104763
2541,0.877245
2542,0.997562
2543,0.841372
2544,0.885889
2545,0.231323
2546,0.148100
2547,0.037696
2548,0.136427
2549,0.252813
2550,0.119503
2551,0.067939
2552,0.163740
2553,0.945394
2554,0.732430
2555,0.531808
2556,0.951401
2557,0.012712
2558,0.062479
2559,0.075115
2560,0.243429
2561,0.790288
2562,0.163695
2563,0.412501
2564,0.991741
2565,0.483976
2566,0.749847
2567,0.218752
2568,0.396214
2569,0.988792
2570,0.032573
2571,0.962441
2572,0.444689
2573,0.840345
2574,0.908573
2575,0.060759
2576,0.042604
2577,0.967675
2578,0.997058
2579,0.237592
2580,0.811267
2581,0.413830
2582,0.330850
2583,0.291066
2584,0.838194
2585,0.081957
2586,0.159848
2587,0.113144
2588,0.239569
2589,0.990754
2590,0.106388
2591,0.949773
2592,0.842088
2593,0.660262
2594,0.108549
2595,0.436790
2596,0.790821
2597,0.454613
2598,0.996676
2599,0.072669
2600,0.973078
2601,0.252244
2602,0.064327
2603,0.146576
2604,0.470423
2605,0.025523
2606,0.252244
2607,0.978899
2608,0.331048
2609,0.077774
2610,0.099845
2611,0.145866
2612,0.902268
2613,0.181565
2614,0.973421
2615,0.965281
2616,0.172239
2617,0.930170
2618,0.602901
2619,0.850633
2620,0.575958
2621,0.027708
2622,0.244100
2623,0.998743
2624,0.973729
2625,0.090527
2626,0.993675
2627,0.274031
2628,0.987484
2629,0.447013
2630,0.052391
2631,0.019868
2632,0.204269
2633,0.370798
2634,0.168825
2635,0.028648
2636,0.910263
2637,0.024332
2638,0.852664
2639,0.112406
2640,0.879792
2641,0.156367
2642,0.032187
2643,0.359563
2644,0.076966
2645,0.114334
2646,0.163950
2647,0.296854
2648,0.009496
2649,0.149247
2650,0.910801
2651,0.869083
2652,0.094764
2653,0.530331
2654,0.158526
2655,0.718298
2656,0.965128
2657,0.058045
2658,0.051752
2659,0.092674
2660,0.990996
2661,0.532254
2662,0.129037
2663,0.598861
2664,0.738082
2665,0.156376
2666,0.779481
2667,0.142865
2668,0.431117
2669,0.416566
2670,0.070205
2671,0.382888
2672,0.229074
2673,0.950835
2674,0.160398
2675,0.356911
2676,0.966362
2677,0.660657
2678,0.110312
2679,0.098844
2680,0.933917
2681,0.982862
2682,0.037581
2683,0.084437
2684,0.636024
2685,0.997879
2686,0.499059
2687,0.202145
2688,0.397560
2689,0.739530
2690,0.257624
2691,0.993579
2692,0.614397
2693,0.143602
2694,0.135092
2695,0.907876
2696,0.509400
2697,0.101963
2698,0.139169
2699,0.625326
2700,0.089425
2701,0.041496
2702,0.047405
2703,0.151841
2704,0.949601
2705,0.088970
2706,0.064831
2707,0.994558
2708,0.616065
2709,0.112380
2710,0.993921
2711,0.106333
2712,0.083977
2713,0.973833
2714,0.946259
2715,0.992510
2716,0.183429
2717,0.246433
2718,0.980479
2719,0.000498
2720,0.879889
2721,0.730694
2722,0.130700
2723,0.968525
2724,0.158293
2725,0.230736
2726,0.961577
2727,0.062510
2728,0.868151
2729,0.961046
2730,0.146402
2731,0.594289
2732,0.625591
2733,0.093314
2734,0.994731
2735,0.802864
2736,0.177031
2737,0.014313
2738,0.446529
2739,0.371670
2740,0.065421
2741,0.105435
2742,0.084377
2743,0.097363
2744,0.782907
2745,0.902407
2746,0.244923
2747,0.974131
2748,0.051602
2749,0.110046
2750,0.055125
2751,0.528449
2752,0.162981
2753,0.858300
2754,0.369383
2755,0.041542
2756,0.442612
2757,0.257398
2758,0.027291
2759,0.959347
2760,0.718088
2761,0.227052
2762,0.433683
2763,0.981404
2764,0.782001
2765,0.209952
2766,0.676908
2767,0.852366
2768,0.201509
2769,0.891160
2770,0.018633
2771,0.347535
2772,0.593053
2773,0.745656
2774,0.023212
2775,0.799426
2776,0.899388
2777,0.859165
2778,0.968830
2779,0.124417
2780,0.779425
2781,0.010238
2782,0.935212
2783,0.121564
2784,0.955007
2785,0.127506
2786,0.168478
2787,0.041088
2788,0.090189
2789,0.094047
2790,0.105937
2791,0.102016
2792,0.960523
2793,0.178392
2794,0.195071
2795,0.942118
2796,0.018567
2797,0.188506
2798,0.982777
2799,0.122845
2800,0.784137
2801,0.821370
2802,0.989549
2803,0.905073
2804,0.050900
2805,0.131296
2806,0.092688
2807,0.927147
2808,0.092355
2809,0.989974
2810,0.977651
2811,0.308338
2812,0.957654
2813,0.900195
2814,0.999460
2815,0.561267
2816,0.171758
2817,0.872120
2818,0.087684
2819,0.739372
2820,0.070027
2821,0.907304
2822,0.896373
2823,0.248178
2824,0.813402
2825,0.699983
2826,0.974353
2827,0.112878
2828,0.979463
2829,0.160212
2830,0.878402
2831,0.171276
2832,0.995066
2833,0.040300
2834,0.677845
2835,0.218648
2836,0.919735
2837,0.057343
2838,0.097431
2839,0.963288
2840,0.189170
2841,0.946964
2842,0.424815
2843,0.033874
2844,0.743063
2845,0.128441
2846,0.198680
2847,0.422085
2848,0.134911
2849,0.782321
2850,0.725761
2851,0.726188
2852,0.943041
2853,0.553632
2854,0.981777
2855,0.023432
2856,0.187480
2857,0.783997
2858,0.043809
2859,0.379282
2860,0.064192
2861,0.768959
2862,0.658026
2863,0.146567
2864,0.936373
2865,0.036429
2866,0.989065
2867,0.099498
2868,0.090592
2869,0.162166
2870,0.106134
2871,0.089516
2872,0.970804
2873,0.118988
2874,0.206519
2875,0.812916
2876,0.738974
2877,0.932407
2878,0.287015
2879,0.978033
2880,0.138196
2881,0.750939
2882,0.760801
2883,0.098505
2884,0.058869
2885,0.876749
2886,0.141571
2887,0.488337
2888,0.991136
2889,0.921671
2890,0.979454
2891,0.055359
2892,0.039501
2893,0.693217
2894,0.096329
2895,0.198037
2896,0.999611
2897,0.106931
2898,0.106715
2899,0.125536
2900,0.871314
2901,0.769624
2902,0.003922
2903,0.001317
2904,0.078634
2905,0.665730
2906,0.888664
2907,0.844260
2908,0.070329
2909,0.057577
2910,0.205956
2911,0.483833
2912,0.088809
2913,0.887877
2914,0.921653
2915,0.528601
2916,0.997237
2917,0.131286
2918,0.313256
2919,0.967481
2920,0.024626
2921,0.079818
2922,0.033483
2923,0.563966
2924,0.243013
2925,0.132039
2926,0.865890
2927,0.140997
2928,0.001500
2929,0.991319
2930,0.992377
2931,0.312157
2932,0.801640
2933,0.081006
2934,0.994086
2935,0.145159
2936,0.146483
2937,0.090894
2938,0.087412
2939,0.895847
2940,0.145519
2941,0.398220
2942,0.134453
2943,0.126818
2944,0.328864
2945,0.939796
2946,0.129115
2947,0.910331
2948,0.826800
2949,0.938137
2950,0.139258
2951,0.127705
2952,0.260196
2953,0.211958
2954,0.073863
2955,0.022111
2956,0.039843
2957,0.933640
2958,0.753408
2959,0.858788
2960,0.985974
2961,0.122239
2962,0.887747
2963,0.680849
2964,0.251257
2965,0.978460
2966,0.289834
2967,0.382571
2968,0.985031
2969,0.151795
2970,0.102234
2971,0.041854
2972,0.858393
2973,0.091108
2974,0.410796
2975,0.072503
2976,0.030791
2977,0.048620
2978,0.110997
2979,0.057836
2980,0.890282
2981,0.039630
2982,0.033493
2983,0.648803
2984,0.159379
2985,0.279545
2986,0.679263
2987,0.055002
2988,0.013686
2989,0.034352
2990,0.938747
2991,0.134442
2992,0.174121
2993,0.128323
2994,0.990255
2995,0.067576
2996,0.234590
2997,0.054363
2998,0.179467
2999,0.252244
3000,0.174304
3001,0.129751
3002,0.095840
3003,0.697315
3004,0.036667
3005,0.807159
3006,0.458222
3007,0.252244
3008,0.066223
3009,0.069024
3010,0.156942
3011,0.049990
3012,0.415035
3013,0.082368
3014,0.476319
3015,0.181090
3016,0.068902
3017,0.661979
3018,0.769186
3019,0.202766
3020,0.287246
3021,0.994215
3022,0.046041
3023,0.020315
3024,0.161521
3025,0.047800
3026,0.149086
3027,0.049075
3028,0.172054
3029,0.149371
3030,0.060257
3031,0.877949
3032,0.160212
3033,0.253222
3034,0.652851
3035,0.820464
3036,0.983433
3037,0.980663
3038,0.966688
3039,0.028957
3040,0.081981
3041,0.517333
3042,0.970487
3043,0.087000
3044,0.324331
3045,0.061752
3046,0.979393
3047,0.350432
3048,0.132491
3049,0.791462
3050,0.835463
3051,0.859323
3052,0.034707
3053,0.163233
3054,0.094230
3055,0.471898
3056,0.078866
3057,0.042786
3058,0.152469
3059,0.884849
3060,0.776248
3061,0.917837
3062,0.134284
3063,0.431185
3064,0.869559
3065,0.938221
3066,0.304652
3067,0.369707
3068,0.847867
3069,0.097595
3070,0.584339
3071,0.986603
3072,0.212785
3073,0.927054
3074,0.079374
3075,0.157501
3076,0.124657
3077,0.103190
3078,0.934093
3079,0.031239
3080,0.747396
3081,0.278587
3082,0.740249
3083,0.443746
3084,0.788183
3085,0.943697
3086,0.939594
3087,0.917013
3088,0.419896
3089,0.031435
3090,0.070959
3091,0.930290
3092,0.905349
3093,0.879185
3094,0.090620
3095,0.129117
3096,0.021173
3097,0.273678
3098,0.092523
3099,0.950392
3100,0.132812
3101,0.930197
3102,0.633621
3103,0.193805
3104,0.056360
3105,0.656451
3106,0.998766
3107,0.892655
3108,0.782364
3109,0.261305
3110,0.985025
3111,0.939890
3112,0.248162
3113,0.723019
3114,0.863307
3115,0.425101
3116,0.910543
3117,0.017088
3118,0.799948
3119,0.709299
3120,0.125100
3121,0.124068
3122,0.047822
3123,0.804224
3124,0.997347
3125,0.993566
3126,0.196110
3127,0.107514
3128,0.223662
3129,0.068281
3130,0.612810
3131,0.468140
3132,0.460307
3133,0.103837
3134,0.058953
3135,0.259399
3136,0.163718
3137,0.175483
3138,0.086452
3139,0.217579
3140,0.127198
3141,0.263776
3142,0.282080
3143,0.970448
3144,0.998563
3145,0.025878
3146,0.085866
3147,0.063716
3148,0.128401
3149,0.974383
3150,0.205017
3151,0.642853
3152,0.163569
3153,0.079119
3154,0.927680
3155,0.016498
3156,0.255202
3157,0.094996
3158,0.086572
3159,0.255394
3160,0.189052
3161,0.351282
3162,0.000354
3163,0.040463
3164,0.182095
3165,0.778248
3166,0.154994
3167,0.078794
3168,0.411163
3169,0.069481
3170,0.036740
3171,0.223699
3172,0.964427
3173,0.052906
3174,0.040497
3175,0.211716
3176,0.713270
3177,0.160167
3178,0.465844
3179,0.051291
3180,0.996012
3181,0.182670
3182,0.262940
3183,0.069917
3184,0.233680
3185,0.069168
3186,0.078850
3187,0.894151
3188,0.136373
3189,0.074386
3190,0.735977
3191,0.193326
3192,0.803290
3193,0.052992
3194,0.662060
3195,0.946098
3196,0.259573
3197,0.505316
3198,0.035228
3199,0.141765
3200,0.115320
3201,0.080843
3202,0.599591
3203,0.993920
3204,0.278702
3205,0.048795
3206,0.866149
3207,0.814079
3208,0.149975
3209,0.381994
3210,0.991184
3211,0.477639
3212,0.057793
3213,0.634407
3214,0.645996
3215,0.268881
3216,0.194947
3217,0.259888
3218,0.666294
3219,0.988642
3220,0.977368
3221,0.030576
3222,0.114098
3223,0.134411
3224,0.886063
3225,0.448326
3226,0.869834
3227,0.091144
3228,0.895367
3229,0.234183
3230,0.245546
3231,0.985121
3232,0.995315
3233,0.082441
3234,0.107694
3235,0.137744
3236,0.294872
3237,0.140305
3238,0.130453
3239,0.312904
3240,0.996534
3241,0.124782
3242,0.866106
3243,0.847777
3244,0.107233
3245,0.607223
3246,0.073833
3247,0.101651
3248,0.797995
3249,0.457360
3250,0.063166
3251,0.937353
3252,0.067974
3253,0.053486
3254,0.972648
3255,0.985335
3256,0.095959
3257,0.101169
3258,0.266035
3259,0.982524
3260,0.559626
3261,0.148518
3262,0.113479
3263,0.574535
3264,0.911117
3265,0.229837
3266,0.961161
3267,0.233891
3268,0.632386
3269,0.526800
3270,0.471613
3271,0.232207
3272,0.208427
3273,0.053871
3274,0.424819
3275,0.011413
3276,0.498500
3277,0.079355
3278,0.210074
3279,0.156712
3280,0.165415
3281,0.909233
3282,0.725608
3283,0.770452
3284,0.062272
3285,0.950809
3286,0.326784
3287,0.614045
3288,0.096653
3289,0.058941
3290,0.975567
3291,0.920513
3292,0.086694
3293,0.209125
3294,0.745827
3295,0.250599
3296,0.906700
3297,0.092649
3298,0.764612
3299,0.127069
3300,0.311391
3301,0.741964
3302,0.900425
3303,0.743146
3304,0.173220
3305,0.978621
3306,0.980020
3307,0.779802
3308,0.996370
3309,0.930079
3310,0.163831
3311,0.161174
3312,0.034608
3313,0.166109
3314,0.229911
3315,0.918401
3316,0.665108
3317,0.241719
3318,0.103950
3319,0.087284
3320,0.068279
3321,0.718094
3322,0.134828
3323,0.028710
3324,0.178928
3325,0.032291
3326,0.913583
3327,0.950399
3328,0.150315
3329,0.252244
3330,0.067018
3331,0.926402
3332,0.083454
3333,0.073229
3334,0.841600
3335,0.126374
3336,0.981963
3337,0.721751
3338,0.474326
3339,0.056137
3340,0.924306
3341,0.735889
3342,0.529338
3343,0.797031
3344,0.069393
3345,0.256632
3346,0.844653
3347,0.775072
3348,0.884924
3349,0.833318
3350,0.988672
3351,0.065289
3352,0.219561
3353,0.141574
3354,0.928070
3355,0.251746
3356,0.114198
3357,0.179976
3358,0.134623
3359,0.135152
3360,0.743396
3361,0.065742
3362,0.211543
3363,0.013712
3364,0.093753
3365,0.973239
3366,0.279011
3367,0.722024
3368,0.893067
3369,0.986640
3370,0.681500
3371,0.152202
3372,0.183535
3373,0.893364
3374,0.782384
3375,0.444845
3376,0.158455
3377,0.168883
3378,0.033797
3379,0.469298
3380,0.067669
3381,0.830916
3382,0.315803
3383,0.735486
3384,0.869459
3385,0.945391
3386,0.033160
3387,0.144091
3388,0.642476
3389,0.649422
3390,0.037331
3391,0.637752
3392,0.561649
3393,0.717304
3394,0.925685
3395,0.950454
3396,0.108744
3397,0.926598
3398,0.212277
3399,0.900646
3400,0.954637
3401,0.933053
3402,0.860490
3403,0.756626
3404,0.220124
3405,0.868737
3406,0.065479
3407,0.385617
3408,0.918170
3409,0.013779
3410,0.035217
3411,0.915658
3412,0.964969
3413,0.862074
3414,0.215527
3415,0.793887
3416,0.497322
3417,0.583396
3418,0.572255
3419,0.152061
3420,0.882372
3421,0.115994
3422,0.194520
3423,0.954114
3424,0.028635
3425,0.327745
3426,0.356209
3427,0.053813
3428,0.063197
3429,0.083097
3430,0.035941
3431,0.377249
3432,0.252451
3433,0.252244
3434,0.016907
3435,0.979793
3436,0.247300
3437,0.147868
3438,0.228298
3439,0.158704
3440,0.437127
3441,0.114507
3442,0.183072
3443,0.125029
3444,0.225960
3445,0.096067
3446,0.265434
3447,0.038852
3448,0.093077
3449,0.252244
3450,0.994032
3451,0.997105
3452,0.461961
3453,0.998004
3454,0.074862
3455,0.999974
3456,0.246283
3457,0.987661
3458,0.925174
3459,0.429824
3460,0.204145
3461,0.965812
3462,0.252244
3463,0.587418
3464,0.330798
3465,0.248458
3466,0.997294
3467,0.078669
3468,0.953065
3469,0.711301
3470,0.245886
3471,0.229183
3472,0.202434
3473,0.109254
3474,0.128752
3475,0.128652
3476,0.973713
3477,0.932207
3478,0.128617
3479,0.997467
3480,0.996970
3481,0.061178
3482,0.997480
3483,0.174399
3484,0.143289
3485,0.006073
3486,0.145906
3487,0.254352
3488,0.723958
3489,0.814751
3490,0.006815
3491,0.160884
3492,0.167030
3493,0.830729
3494,0.055200
3495,0.884004
3496,0.600920
3497,0.613287
3498,0.106993
3499,0.126655
3500,0.142264
3501,0.745330
3502,0.026515
3503,0.735412
3504,0.683144
3505,0.593645
3506,0.907967
3507,0.129252
3508,0.041271
3509,0.864241
3510,0.846455
3511,0.138052
3512,0.074169
3513,0.252069
3514,0.137187
3515,0.065882
3516,0.633586
3517,0.578501
3518,0.267532
3519,0.197960
3520,0.189047
3521,0.264416
3522,0.140610
3523,0.227008
3524,0.240094
3525,0.895830
3526,0.836367
3527,0.238650
3528,0.546225
3529,0.164313
3530,0.283395
3531,0.117024
3532,0.109543
3533,0.036991
3534,0.094093
3535,0.887505
3536,0.096215
3537,0.120392
3538,0.241098
3539,0.795316
3540,0.103816
3541,0.163851
3542,0.017837
3543,0.095052
3544,0.017655
3545,0.145194
3546,0.350702
3547,0.059746
3548,0.028947
3549,0.745465
3550,0.774693
3551,0.262520
3552,0.840870
3553,0.172501
3554,0.034944
3555,0.258515
3556,0.959534
3557,0.201999
3558,0.913777
3559,0.587984
3560,0.927092
3561,0.999923
3562,0.217141
3563,0.541004
3564,0.764796
3565,0.842118
3566,0.933676
3567,0.991333
3568,0.184254
3569,0.866674
3570,0.264897
3571,0.041904
3572,0.889188
3573,0.692082
3574,0.368313
3575,0.625624
3576,0.019382
3577,0.076896
3578,0.996615
3579,0.529474
3580,0.892126
3581,0.992798
3582,0.978505
3583,0.577261
3584,0.137693
3585,0.066623
3586,0.745666
3587,0.981308
3588,0.954419
3589,0.268049
3590,0.803114
3591,0.245304
3592,0.133295
3593,0.177508
3594,0.994592
3595,0.381732
3596,0.982334
3597,0.506104
3598,0.154815
3599,0.206879
3600,0.251929
3601,0.987122
3602,0.079796
3603,0.954681
3604,0.336666
3605,0.234788
3606,0.255422
3607,0.362920
3608,0.188058
3609,0.133477
3610,0.137992
3611,0.634932
3612,0.906236
3613,0.988986
3614,0.911359
3615,0.000390
3616,0.096560
3617,0.807437
3618,0.245665
3619,0.377879
3620,0.184788
3621,0.006276
3622,0.683394
3623,0.090341
3624,0.133609
3625,0.094089
3626,0.073424
3627,0.099423
3628,0.997937
3629,0.069821
3630,0.982779
3631,0.749512
3632,0.958336
3633,0.267140
3634,0.241642
3635,0.891269
3636,0.133736
3637,0.995464
3638,0.232394
3639,0.223654
3640,0.948261
3641,0.750185
3642,0.900375
3643,0.093061
3644,0.515933
3645,0.239412
3646,0.143383
3647,0.110686
3648,0.233262
3649,0.151551
3650,0.988819
3651,0.101395
3652,0.875417
3653,0.416956
3654,0.160470
3655,0.073797
3656,0.969130
3657,0.397914
3658,0.202907
3659,0.836143
3660,0.096488
3661,0.174152
3662,0.996986
3663,0.253044
3664,0.810411
3665,0.104930
3666,0.998090
3667,0.250519
3668,0.059462
3669,0.245156
3670,0.605746
3671,0.261667
3672,0.488188
3673,0.988264
3674,0.223847
3675,0.252244
3676,0.051721
3677,0.951745
3678,0.697959
3679,0.154014
3680,0.229352
3681,0.166725
3682,0.843552
3683,0.074096
3684,0.102165
3685,0.248913
3686,0.209874
3687,0.514454
3688,0.233296
3689,0.052687
3690,0.967141
3691,0.330274
3692,0.648425
3693,0.016639
3694,0.034550
3695,0.239687
3696,0.252244
3697,0.972173
3698,0.150257
3699,0.201695
3700,0.527072
3701,0.051468
3702,0.252244
3703,0.998871
3704,0.303658
3705,0.263910
3706,0.080461
3707,0.190216
3708,0.107384
3709,0.252244
3710,0.250819
3711,0.993092
3712,0.515539
3713,0.114035
3714,0.250821
3715,0.242143
3716,0.144312
3717,0.836340
3718,0.215294
3719,0.045175
3720,0.552351
3721,0.251985
3722,0.336700
3723,0.224857
3724,0.813560
3725,0.091136
3726,0.927706
3727,0.092449
3728,0.918484
3729,0.944844
3730,0.104688
3731,0.131726
3732,0.076400
3733,0.074849
3734,0.974997
3735,0.118827
3736,0.254654
3737,0.987093
3738,0.167348
3739,0.825055
3740,0.147722
3741,0.064314
3742,0.088262
3743,0.041063
3744,0.912707
3745,0.849409
3746,0.155001
3747,0.077341
3748,0.153230
3749,0.177508
3750,0.128148
3751,0.067414
3752,0.816361
3753,0.252244
3754,0.011033
3755,0.714879
3756,0.883692
3757,0.182121
3758,0.124210
3759,0.603643
3760,0.297017
3761,0.863234
3762,0.383569
3763,0.845337
3764,0.163272
3765,0.970632
3766,0.983989
3767,0.145200
3768,0.821126
3769,0.119852
3770,0.572815
3771,0.252244
3772,0.081139
3773,0.224176
3774,0.272793
3775,0.959522
3776,0.831402
3777,0.210304
3778,0.779920
3779,0.707282
3780,0.673139
3781,0.018570
3782,0.103183
3783,0.216812
3784,0.028247
3785,0.145033
3786,0.423540
3787,0.022255
3788,0.992390
3789,0.155302
3790,0.017858
3791,0.478789
3792,0.250157
3793,0.366018
3794,0.054666
3795,0.147377
3796,0.184586
3797,0.884866
3798,0.255422
3799,0.214231
3800,0.301893
3801,0.428007
3802,0.800214
3803,0.739813
3804,0.650619
3805,0.785659
3806,0.028594
3807,0.183354
3808,0.049101
3809,0.223519
3810,0.046873
3811,0.117372
3812,0.001886
3813,0.366178
3814,0.147558
3815,0.090871
3816,0.280449
3817,0.417218
3818,0.166372
3819,0.075215
3820,0.471168
3821,0.786302
3822,0.169523
3823,0.986796
3824,0.795432
3825,0.014086
3826,0.837227
3827,0.576247
3828,0.096052
3829,0.203960
3830,0.014075
3831,0.988109
3832,0.124766
3833,0.054430
3834,0.988097
3835,0.092755
3836,0.033814
3837,0.255108
3838,0.635209
3839,0.198781
3840,0.293907
3841,0.234781
3842,0.225050
3843,0.095567
3844,0.990387
3845,0.323991
3846,0.214188
3847,0.134122
3848,0.254128
3849,0.790755
3850,0.219389
3851,0.999994
3852,0.498363
3853,0.123882
3854,0.140466
3855,0.181111
3856,0.211654
3857,0.159712
3858,0.184238
3859,0.668482
3860,0.850231
3861,0.953844
3862,0.986584
3863,0.113536
3864,0.959080
3865,0.779856
3866,0.059510
3867,0.848192
3868,0.073309
3869,0.876852
3870,0.134889
3871,0.266181
